<?xml version="1.0" encoding="UTF-8"?>
<!DOCTYPE mapper PUBLIC "-//mybatis.org//DTD Mapper 3.0//EN" "http://mybatis.org/dtd/mybatis-3-mapper.dtd">
<mapper namespace="customer">

	<!-- 고객정보 삭제 -->
	<delete id="delete">
		delete from customer where id = #{id}
	</delete>

	<!-- 고객정보 변경저장 -->
	<update id="update">
		update customer set name = #{name}, gender =
		#{gender}, email = #{email},
		phone = #{phone}
		where id = #{id}
	</update>

	<!-- 선택한 고객정보 조회 -->
	<select id="info" resultType="smart.customer.CustomerVO">
		select * from customer where id =
		#{id}
	</select>

	<!-- 신규고객정보저장 -->
	<insert id="insert">
		insert into customer (name, gender, email, phone)
		values ( #{name}, #{gender}, #{email}, #{phone} )
	</insert>

	<!-- 고객목록조회 -->
	<select id="list" resultType="smart.customer.CustomerVO">
		select * from customer
		<if test="name != null">
			where name like '%' || #{name} || '%'
		</if>
		order by name
	</select>

</mapper>