<?xml version="1.0" encoding="UTF-8"?>
<!DOCTYPE mapper PUBLIC "-//mybatis.org//DTD Mapper 3.0//EN" "http://mybatis.org/dtd/mybatis-3-mapper.dtd">
<mapper namespace="member">
	<!-- 테스트용 회원가입 -->
	<insert id="joinTest">
		insert into member (name, userid, userpw, email,
		admin)
		values (#{name}, #{userid}, #{userpw}, #{email}, #{admin})
	</insert>	<!-- 회원정보 변경저장 -->
	<update id="update">
		update member set name = #{name}, gender = #{gender},
		email = #{email, jdbcType=VARCHAR},
		profile = #{profile,
		jdbcType=VARCHAR},
		birth = #{birth, jdbcType=VARCHAR}, phone =
		#{phone,
		jdbcType=VARCHAR}, post = #{post, jdbcType=VARCHAR}, address =
		#{address, jdbcType=VARCHAR}
		where userid = #{userid}
	</update>


	<!-- 회원가입 -->
	<insert id="join">
		insert into member (name, userid, userpw, gender,
		email, profile, birth, phone, post, address, social)
		values (#{name},
		#{userid}, #{userpw, jdbcType=VARCHAR}, #{gender}, #{email,
		jdbcType=VARCHAR},
		#{profile, jdbcType=VARCHAR}, #{birth,
		jdbcType=VARCHAR},
		#{phone,
		jdbcType=VARCHAR}, #{post,
		jdbcType=VARCHAR}, #{address,
		jdbcType=VARCHAR},
		#{social,
		jdbcType=VARCHAR})
	</insert>

	<!-- 회원가입 -->
	<insert id="join2">
		insert into member (name, userid, userpw, gender,
		email, profile, birth, phone, post, address, social)
		values (#{name},
		#{userid}, #{userpw, jdbcType=VARCHAR}, #{gender}, #{email,
		jdbcType=VARCHAR},
		#{profile, jdbcType=VARCHAR}, #{birth,
		jdbcType=VARCHAR},
		#{phone,
		jdbcType=VARCHAR}, #{post,
		jdbcType=VARCHAR}, #{address,
		jdbcType=VARCHAR},
		#{social,
		jdbcType=VARCHAR})
	</insert>

	<!-- 테스트용 로그인 -->
	<select id="loginTest" resultType="smart.member.MemberVO">
		select * from member where
		userid = #{userid} <!-- and userpw = #{userpw} -->
	</select>

	<!-- 본인 정보 조회 -->
	<select id="info" resultType="smart.member.MemberVO">
		select * from member where userid =
		#{userid}
	</select>
	<!-- 아이디와 이메일에 해당하는 회원명 조회 -->
	<select id="useridEmail" resultType="String">
		select name from member
		where userid = #{userid} and
		email = #{email}
	</select>
	<!-- 비밀번호 변경 저장 -->
	<update id="resetPassword">
		update member set userpw = #{userpw} where userid =
		#{userid}
	</update>
</mapper>