<?xml version="1.0" encoding="UTF-8"?>
<beans xmlns="http://www.springframework.org/schema/beans"
	xmlns:xsi="http://www.w3.org/2001/XMLSchema-instance"
	xmlns:context="http://www.springframework.org/schema/context"
	xsi:schemaLocation="http://www.springframework.org/schema/beans http://www.springframework.org/schema/beans/spring-beans.xsd
		http://www.springframework.org/schema/context http://www.springframework.org/schema/context/spring-context-4.3.xsd">


	<context:property-placeholder
		location="classpath:dbconn/db.properties" />
	<bean id="dbcpHanul"
		class="org.apache.commons.dbcp2.BasicDataSource">
		<property name="driverClassName" value="${oracle.driver}" />
		<property name="url" value="${oracle.url}" />
		<property name="username" value="${hanul.username}" />
		<property name="password" value="${hanul.password}" />
	</bean>


	<!-- <bean id="dbcp" class="org.apache.commons.dbcp2.BasicDataSource"> <property 
		name="driverClassName" value="net.sf.log4jdbc.sql.jdbcapi.DriverSpy"/> <property 
		name="url" value="jdbc:log4jdbc:oracle:thin:@192.168.0.87:1521:xe"/> <property 
		name="username" value="hanul"/> <property name="password" value="0000"/> 
		</bean> -->

	<bean id="factoryHanul"
		class="org.mybatis.spring.SqlSessionFactoryBean">
		<property name="dataSource" ref="dbcpHanul" />
		<property name="mapperLocations"
			value="classpath:sqlmap/*.xml" />
	</bean>

	<bean class="org.mybatis.spring.SqlSessionTemplate">
		<!-- <constructor-arg name="sqlSessionFactory" ref="factory"/> -->
		<constructor-arg index="0" ref="factoryHanul" />
		<qualifier value="hanul" />
	</bean>

	<bean id="dbcpHr" class="org.apache.commons.dbcp2.BasicDataSource">
		<property name="driverClassName" value="${oracle.driver}" />
		<property name="url" value="${oracle.url}" />
		<property name="username" value="${hr.username}" />
		<property name="password" value="${hr.password}" />
	</bean>

	<bean id="factoryHr"
		class="org.mybatis.spring.SqlSessionFactoryBean">
		<property name="dataSource" ref="dbcpHr" />
		<property name="mapperLocations"
			value="classpath:sqlmap/*.xml" />
	</bean>
	<bean class="org.mybatis.spring.SqlSessionTemplate">
		<!-- <constructor-arg name="sqlSessionFactory" ref="factory"/> -->
		<constructor-arg index="0" ref="factoryHr" />
		<qualifier value="hr" />
	</bean>
	<bean
		class="org.springframework.security.crypto.bcrypt.BCryptPasswordEncoder"></bean>
</beans>
